"scenario","mechanism","rate","method","outcome","axis","n_groups","mean_abs_bias","max_abs_bias","mean_coverage","min_coverage","n_degenerate_ci"
1,"MCAR",0.1,"Complete data","stunted","region",23,0.00162010186658533,0.00400038510248613,0.932608695652174,0.902,0
1,"MCAR",0.1,"Complete data","stunted","wealth",5,0.000759282005301798,0.00124141582559018,0.9348,0.91,0
1,"MCAR",0.1,"Complete data","wasted","region",23,0.000959019251393877,0.00545284885769999,0.918439992883099,0.574,25
1,"MCAR",0.1,"Complete data","wasted","wealth",5,0.000208486688227408,0.000350242330220601,0.9488,0.93,0
1,"MCAR",0.1,"CCA","stunted","region",23,0.00150135334867002,0.0031796456874959,0.933913043478261,0.91,0
1,"MCAR",0.1,"CCA","stunted","wealth",5,0.000902628584822507,0.00140669802762028,0.9392,0.914,0
1,"MCAR",0.1,"CCA","wasted","region",23,0.000922117735062518,0.00558470435773061,0.922336955402435,0.604,34
1,"MCAR",0.1,"CCA","wasted","wealth",5,0.0002041886795439,0.000352011720856929,0.9496,0.93,0
1,"MCAR",0.1,"IPW","stunted","region",23,0.00151783183194903,0.00315975427793819,0.934173913043478,0.908,0
1,"MCAR",0.1,"IPW","stunted","wealth",5,0.000889540016934109,0.00135420537358627,0.9392,0.914,0
1,"MCAR",0.1,"IPW","wasted","region",23,0.000924357268389207,0.00553287215336425,0.922951596799685,0.604,34
1,"MCAR",0.1,"IPW","wasted","wealth",5,0.000210254840830586,0.000365294116045287,0.9516,0.938,0
1,"MCAR",0.1,"MI-PMM","stunted","region",23,0.00266865953813001,0.00785325944356663,0.941304347826087,0.91,0
1,"MCAR",0.1,"MI-PMM","stunted","wealth",5,0.0018106666537767,0.0040532134929892,0.944,0.926,0
1,"MCAR",0.1,"MI-PMM","wasted","region",23,0.00141652472284138,0.00620292105386287,0.942549208861347,0.692,32
1,"MCAR",0.1,"MI-PMM","wasted","wealth",5,0.000436161581482476,0.00108637343023277,0.9628,0.946,0
1,"MCAR",0.1,"MI-RF","stunted","region",23,0.00381570020521764,0.00749638462247293,0.940086956521739,0.904,0
1,"MCAR",0.1,"MI-RF","stunted","wealth",5,0.00178015165745228,0.00354749672929178,0.9384,0.914,0
1,"MCAR",0.1,"MI-RF","wasted","region",23,0.00154906729198562,0.00674196120777494,0.936173662319288,0.672,34
1,"MCAR",0.1,"MI-RF","wasted","wealth",5,0.000771545516813375,0.00181951096576104,0.958,0.944,0
2,"MCAR",0.3,"Complete data","stunted","region",23,0.001158108557218,0.00611329655321913,0.933217391304348,0.896,0
2,"MCAR",0.3,"Complete data","stunted","wealth",5,0.000668197798886239,0.00112100548269944,0.9424,0.93,0
2,"MCAR",0.3,"Complete data","wasted","region",23,0.000980806913120472,0.00576977800379642,0.915745005899818,0.592,19
2,"MCAR",0.3,"Complete data","wasted","wealth",5,0.000472353487231164,0.000859771890753119,0.9412,0.93,0
2,"MCAR",0.3,"CCA","stunted","region",23,0.00130721613425202,0.00562472265450065,0.93504347826087,0.9,0
2,"MCAR",0.3,"CCA","stunted","wealth",5,0.000679567319077889,0.00138907016341838,0.9424,0.934,0
2,"MCAR",0.3,"CCA","wasted","region",23,0.00112748128689447,0.0065317949338329,0.931702434293611,0.73,51
2,"MCAR",0.3,"CCA","wasted","wealth",5,0.000600483577105539,0.00100279652029824,0.9376,0.924,0
2,"MCAR",0.3,"IPW","stunted","region",23,0.00131082110571257,0.00569122834388625,0.935739130434783,0.904,0
2,"MCAR",0.3,"IPW","stunted","wealth",5,0.0006719139165974,0.00118748929437273,0.9416,0.932,0
2,"MCAR",0.3,"IPW","wasted","region",23,0.00113628716421752,0.00675360877994686,0.931877223560774,0.73,51
2,"MCAR",0.3,"IPW","wasted","wealth",5,0.000591527090313961,0.000959180423454872,0.9412,0.928,0
2,"MCAR",0.3,"MI-PMM","stunted","region",23,0.00707464641896725,0.0226272348513414,0.948869565217391,0.918,0
2,"MCAR",0.3,"MI-PMM","stunted","wealth",5,0.00491156082497735,0.0125327218140877,0.952,0.94,0
2,"MCAR",0.3,"MI-PMM","wasted","region",23,0.00414180850298782,0.00789346024219162,0.967098090948658,0.932,23
2,"MCAR",0.3,"MI-PMM","wasted","wealth",5,0.00123862759501585,0.00226709205024644,0.9684,0.962,0
2,"MCAR",0.3,"MI-RF","stunted","region",23,0.0110229987098141,0.0215187377162507,0.943913043478261,0.902,0
2,"MCAR",0.3,"MI-RF","stunted","wealth",5,0.0045603076351247,0.0113414290539095,0.9576,0.938,0
2,"MCAR",0.3,"MI-RF","wasted","region",23,0.00426929294897979,0.00989190291118058,0.958391659044804,0.896,42
2,"MCAR",0.3,"MI-RF","wasted","wealth",5,0.00207549135759523,0.00541274884385513,0.9536,0.938,0
3,"MCAR",0.5,"Complete data","stunted","region",23,0.00126465814052121,0.00386012245805406,0.931391304347826,0.91,0
3,"MCAR",0.5,"Complete data","stunted","wealth",5,0.000816400080262081,0.00158678354382369,0.9464,0.924,0
3,"MCAR",0.5,"Complete data","wasted","region",23,0.000669161821338832,0.0021957961103438,0.913986384678225,0.604,21
3,"MCAR",0.5,"Complete data","wasted","wealth",5,0.000401295246826801,0.000829108379886478,0.9356,0.914,0
3,"MCAR",0.5,"CCA","stunted","region",23,0.00192535328703015,0.00559130011942904,0.935217391304348,0.908,0
3,"MCAR",0.5,"CCA","stunted","wealth",5,0.00158625837183319,0.00391273542231912,0.9488,0.938,0
3,"MCAR",0.5,"CCA","wasted","region",23,0.000979905730472072,0.00380818055942617,0.940579231402217,0.8,103
3,"MCAR",0.5,"CCA","wasted","wealth",5,0.000660641180075282,0.000906807058689771,0.9412,0.924,0
3,"MCAR",0.5,"IPW","stunted","region",23,0.00187655424442718,0.0056234565754843,0.935826086956522,0.91,0
3,"MCAR",0.5,"IPW","stunted","wealth",5,0.0015059676424375,0.00353218796194193,0.9496,0.938,0
3,"MCAR",0.5,"IPW","wasted","region",23,0.00100867435425602,0.00403033270745227,0.941366097071455,0.81,103
3,"MCAR",0.5,"IPW","wasted","wealth",5,0.000684271521696521,0.000950766028721142,0.9416,0.928,0
3,"MCAR",0.5,"MI-PMM","stunted","region",23,0.0114267719628307,0.0308097700963494,0.947565217391304,0.912,0
3,"MCAR",0.5,"MI-PMM","stunted","wealth",5,0.00725215102038002,0.0167665364383249,0.956,0.926,0
3,"MCAR",0.5,"MI-PMM","wasted","region",23,0.00615875193696988,0.0120627659888261,0.974371675461123,0.928861788617886,12
3,"MCAR",0.5,"MI-PMM","wasted","wealth",5,0.00178262631685726,0.00349756295035554,0.9796,0.972,0
3,"MCAR",0.5,"MI-RF","stunted","region",23,0.0195240235795068,0.037263883005041,0.930608695652174,0.852,0
3,"MCAR",0.5,"MI-RF","stunted","wealth",5,0.00737807402673193,0.0152444861170508,0.9452,0.906,0
3,"MCAR",0.5,"MI-RF","wasted","region",23,0.00663094451389865,0.0171445047104916,0.963302400706492,0.908,46
3,"MCAR",0.5,"MI-RF","wasted","wealth",5,0.00346141115473194,0.00737693686587342,0.9624,0.918,0
4,"MAR",0.1,"Complete data","stunted","region",23,0.00165664550318965,0.0047851009272688,0.927130434782609,0.898,0
4,"MAR",0.1,"Complete data","stunted","wealth",5,0.00049966185906587,0.00147401417000287,0.9448,0.928,0
4,"MAR",0.1,"Complete data","wasted","region",23,0.000888600042073254,0.00239173481061408,0.917588415502809,0.62,27
4,"MAR",0.1,"Complete data","wasted","wealth",5,0.000460622096597525,0.00144478648252658,0.9476,0.932,0
4,"MAR",0.1,"CCA","stunted","region",23,0.00194578514730223,0.00535560079776182,0.93,0.908,0
4,"MAR",0.1,"CCA","stunted","wealth",5,0.000832712965441218,0.00129949755195274,0.9376,0.918,0
4,"MAR",0.1,"CCA","wasted","region",23,0.0012475148250472,0.0038317976396417,0.923101262654819,0.644,32
4,"MAR",0.1,"CCA","wasted","wealth",5,0.000531683946641579,0.00122109891090207,0.9432,0.936,0
4,"MAR",0.1,"IPW","stunted","region",23,0.00168908420700838,0.00471838347811243,0.93095652173913,0.904,0
4,"MAR",0.1,"IPW","stunted","wealth",5,0.000473467503240299,0.001217290049847,0.9392,0.922,0
4,"MAR",0.1,"IPW","wasted","region",23,0.000940362762108938,0.00262888750489154,0.921675610239906,0.646,32
4,"MAR",0.1,"IPW","wasted","wealth",5,0.000415916665965604,0.00126785344302098,0.9472,0.938,0
4,"MAR",0.1,"MI-PMM","stunted","region",23,0.00315634995108126,0.0123640165422354,0.936347826086957,0.914,0
4,"MAR",0.1,"MI-PMM","stunted","wealth",5,0.00186252468661744,0.00460388558200009,0.9468,0.936,0
4,"MAR",0.1,"MI-PMM","wasted","region",23,0.00138456477183023,0.00348239258407626,0.941148038908529,0.706,32
4,"MAR",0.1,"MI-PMM","wasted","wealth",5,0.000711047497755855,0.00157476349395212,0.9556,0.946,0
4,"MAR",0.1,"MI-RF","stunted","region",23,0.00399294085949329,0.00963085867238311,0.936,0.908,0
4,"MAR",0.1,"MI-RF","stunted","wealth",5,0.00164968022916576,0.00295273696600684,0.9464,0.934,0
4,"MAR",0.1,"MI-RF","wasted","region",23,0.00135493870729784,0.00480420108494742,0.937327502368289,0.686,32
4,"MAR",0.1,"MI-RF","wasted","wealth",5,0.000323883244994877,0.000631292271529457,0.9544,0.944,0
5,"MAR",0.3,"Complete data","stunted","region",23,0.000940528527519984,0.00326562581252893,0.927130434782609,0.902,0
5,"MAR",0.3,"Complete data","stunted","wealth",5,0.00024177779953819,0.000734571737425083,0.9424,0.93,0
5,"MAR",0.3,"Complete data","wasted","region",23,0.000906910065689341,0.00510426727665574,0.91571716626159,0.582,17
5,"MAR",0.3,"Complete data","wasted","wealth",5,0.000294778264279355,0.000435198975131765,0.9468,0.926,0
5,"MAR",0.3,"CCA","stunted","region",23,0.00382154463479757,0.0133950975227086,0.931217391304348,0.902,0
5,"MAR",0.3,"CCA","stunted","wealth",5,0.00251988892846068,0.0045129103066206,0.9408,0.934,0
5,"MAR",0.3,"CCA","wasted","region",23,0.00196813712160878,0.00607783976040376,0.929996113501529,0.682,48
5,"MAR",0.3,"CCA","wasted","wealth",5,0.00106665409047599,0.00166544550287756,0.9464,0.936,0
5,"MAR",0.3,"IPW","stunted","region",23,0.00130514730735045,0.0031799692782955,0.931130434782609,0.898,0
5,"MAR",0.3,"IPW","stunted","wealth",5,0.000536520350358405,0.000929085194921964,0.9436,0.938,0
5,"MAR",0.3,"IPW","wasted","region",23,0.000985016990668057,0.00604236829127368,0.928995532908275,0.728,48
5,"MAR",0.3,"IPW","wasted","wealth",5,0.000469779251233171,0.000826525816057869,0.9444,0.932,0
5,"MAR",0.3,"MI-PMM","stunted","region",23,0.00678427859108585,0.033023632416991,0.94495652173913,0.874,0
5,"MAR",0.3,"MI-PMM","stunted","wealth",5,0.00572567112527641,0.015223141792475,0.9496,0.936,0
5,"MAR",0.3,"MI-PMM","wasted","region",23,0.0035824120707238,0.00760544124243363,0.963650593697003,0.888,29
5,"MAR",0.3,"MI-PMM","wasted","wealth",5,0.00111216861336782,0.00199514961543376,0.9764,0.97,0
5,"MAR",0.3,"MI-RF","stunted","region",23,0.00969270527388074,0.024729147582684,0.940608695652174,0.876,0
5,"MAR",0.3,"MI-RF","stunted","wealth",5,0.00545584734273552,0.0139396658175458,0.9508,0.928,0
5,"MAR",0.3,"MI-RF","wasted","region",23,0.00351949468614836,0.0117004821556368,0.953773221445992,0.82,38
5,"MAR",0.3,"MI-RF","wasted","wealth",5,0.00158064630019872,0.00376247162975123,0.9672,0.958,0
6,"MAR",0.5,"Complete data","stunted","region",23,0.0018250710487554,0.00564838586530891,0.932173913043478,0.894,0
6,"MAR",0.5,"Complete data","stunted","wealth",5,0.000508589788762437,0.000726286697879941,0.9408,0.918,0
6,"MAR",0.5,"Complete data","wasted","region",23,0.000824262222097265,0.00514794428453466,0.918783351600226,0.602,26
6,"MAR",0.5,"Complete data","wasted","wealth",5,0.000259778694656082,0.00049638050140785,0.9472,0.94,0
6,"MAR",0.5,"CCA","stunted","region",23,0.00582414309425998,0.0180561542922163,0.934347826086957,0.908,0
6,"MAR",0.5,"CCA","stunted","wealth",5,0.00339332759519879,0.00564326521039848,0.9452,0.932,0
6,"MAR",0.5,"CCA","wasted","region",23,0.00263783713153317,0.0101182011108966,0.939278264003237,0.798,119
6,"MAR",0.5,"CCA","wasted","wealth",5,0.000914581803828761,0.00174033486731393,0.9516,0.94,0
6,"MAR",0.5,"IPW","stunted","region",23,0.00195600767838045,0.00748098785188805,0.93495652173913,0.896,0
6,"MAR",0.5,"IPW","stunted","wealth",5,0.000942522305700955,0.00129601539800689,0.946,0.934,0
6,"MAR",0.5,"IPW","wasted","region",23,0.00125993565544227,0.00523376924926988,0.938210244640104,0.85,119
6,"MAR",0.5,"IPW","wasted","wealth",5,0.000801315751179162,0.00149987037797732,0.9424,0.92,0
6,"MAR",0.5,"MI-PMM","stunted","region",23,0.0110383460590156,0.04836007477666,0.948,0.866,0
6,"MAR",0.5,"MI-PMM","stunted","wealth",5,0.00875633508608727,0.0230305657562042,0.9456,0.91,0
6,"MAR",0.5,"MI-PMM","wasted","region",23,0.00591800817907354,0.0113201748260732,0.971007401227598,0.921370967741935,9
6,"MAR",0.5,"MI-PMM","wasted","wealth",5,0.00227647217901126,0.00325548900241816,0.9796,0.968,0
6,"MAR",0.5,"MI-RF","stunted","region",23,0.0183001965178107,0.0463826948303203,0.930434782608696,0.8,0
6,"MAR",0.5,"MI-RF","stunted","wealth",5,0.009043859172251,0.0236788824910547,0.938,0.862,0
6,"MAR",0.5,"MI-RF","wasted","region",23,0.00640619110051864,0.0212098875685066,0.960436383104534,0.836,46
6,"MAR",0.5,"MI-RF","wasted","wealth",5,0.0028983895312964,0.00804571073364073,0.958,0.906,0
7,"MAR-strong",0.1,"Complete data","stunted","region",23,0.00150227794978838,0.00597317384118795,0.930173913043478,0.898,0
7,"MAR-strong",0.1,"Complete data","stunted","wealth",5,0.000502013023877479,0.00120933955386987,0.9464,0.938,0
7,"MAR-strong",0.1,"Complete data","wasted","region",23,0.000888869380038178,0.00459019570815426,0.916189826537881,0.62,16
7,"MAR-strong",0.1,"Complete data","wasted","wealth",5,0.000345739300284464,0.000615045508314357,0.944,0.932,0
7,"MAR-strong",0.1,"CCA","stunted","region",23,0.00572901519659824,0.0137103644329196,0.928,0.898,0
7,"MAR-strong",0.1,"CCA","stunted","wealth",5,0.00556027598316575,0.0113569317639204,0.9296,0.902,0
7,"MAR-strong",0.1,"CCA","wasted","region",23,0.00177982143804239,0.00757295782502057,0.919637503402981,0.636,19
7,"MAR-strong",0.1,"CCA","wasted","wealth",5,0.00232363797214069,0.00445080286648021,0.942,0.932,0
7,"MAR-strong",0.1,"IPW","stunted","region",23,0.0015970117627069,0.00603388291285439,0.931391304347826,0.896,0
7,"MAR-strong",0.1,"IPW","stunted","wealth",5,0.000628409034672728,0.00138905470108486,0.944,0.938,0
7,"MAR-strong",0.1,"IPW","wasted","region",23,0.00100446159023533,0.00512062534615343,0.918945098568054,0.628,19
7,"MAR-strong",0.1,"IPW","wasted","wealth",5,0.000454289955185129,0.000884366176334368,0.946,0.93,0
7,"MAR-strong",0.1,"MI-PMM","stunted","region",23,0.00350710610569888,0.0160028401718216,0.936434782608696,0.904,0
7,"MAR-strong",0.1,"MI-PMM","stunted","wealth",5,0.00220187776540487,0.00425741055912071,0.9488,0.946,0
7,"MAR-strong",0.1,"MI-PMM","wasted","region",23,0.00201515130409231,0.00651504156936258,0.941912955262862,0.702,19
7,"MAR-strong",0.1,"MI-PMM","wasted","wealth",5,0.000951324090750864,0.00175087577432857,0.9604,0.954,0
7,"MAR-strong",0.1,"MI-RF","stunted","region",23,0.00438346477924693,0.0123326408286085,0.93704347826087,0.898,0
7,"MAR-strong",0.1,"MI-RF","stunted","wealth",5,0.00235317394380889,0.0068041664539385,0.9464,0.942,0
7,"MAR-strong",0.1,"MI-RF","wasted","region",23,0.00235628859574869,0.00780661332860481,0.932508487297525,0.674,19
7,"MAR-strong",0.1,"MI-RF","wasted","wealth",5,0.00171784205465471,0.00389449256642432,0.9476,0.934,0
8,"MAR-strong",0.3,"Complete data","stunted","region",23,0.00121876088502065,0.00274142918101422,0.934434782608696,0.904,0
8,"MAR-strong",0.3,"Complete data","stunted","wealth",5,0.000675623632035849,0.00156668668508214,0.9456,0.932,0
8,"MAR-strong",0.3,"Complete data","wasted","region",23,0.000709582272265784,0.00235349830167515,0.919601449275362,0.622,20
8,"MAR-strong",0.3,"Complete data","wasted","wealth",5,0.0003664862944458,0.000970181666477749,0.9496,0.942,0
8,"MAR-strong",0.3,"CCA","stunted","region",23,0.0160781748075663,0.0344577440819632,0.915565217391304,0.856,0
8,"MAR-strong",0.3,"CCA","stunted","wealth",5,0.017309748869149,0.0291785288516112,0.8272,0.64,0
8,"MAR-strong",0.3,"CCA","wasted","region",23,0.00404364064259766,0.0201244867381294,0.931933868195896,0.686,27
8,"MAR-strong",0.3,"CCA","wasted","wealth",5,0.00548356680058597,0.0116086548582314,0.9144,0.842,0
8,"MAR-strong",0.3,"IPW","stunted","region",23,0.00140598158392237,0.00397279202418943,0.935217391304348,0.916,0
8,"MAR-strong",0.3,"IPW","stunted","wealth",5,0.000538664896214514,0.00130879189383903,0.9496,0.93,0
8,"MAR-strong",0.3,"IPW","wasted","region",23,0.000862243872276647,0.00218300508423715,0.930565833126557,0.68,27
8,"MAR-strong",0.3,"IPW","wasted","wealth",5,0.000518414924394646,0.0013237911704546,0.944,0.93,0
8,"MAR-strong",0.3,"MI-PMM","stunted","region",23,0.00901725090622192,0.0378350078197347,0.939913043478261,0.872,0
8,"MAR-strong",0.3,"MI-PMM","stunted","wealth",5,0.00685785969474759,0.0130632829084266,0.9488,0.892,0
8,"MAR-strong",0.3,"MI-PMM","wasted","region",23,0.00480750024180047,0.0165019501666645,0.964102649234396,0.83,26
8,"MAR-strong",0.3,"MI-PMM","wasted","wealth",5,0.00226757386173954,0.00504769303171601,0.9688,0.938,0
8,"MAR-strong",0.3,"MI-RF","stunted","region",23,0.0123386454839778,0.0329800080524849,0.937478260869565,0.886,0
8,"MAR-strong",0.3,"MI-RF","stunted","wealth",5,0.00899724178463949,0.0190433108138883,0.92,0.822,0
8,"MAR-strong",0.3,"MI-RF","wasted","region",23,0.00570852712595035,0.0230594343316402,0.9482982180438,0.776,27
8,"MAR-strong",0.3,"MI-RF","wasted","wealth",5,0.00453101777564848,0.0119822491224799,0.9284,0.816,0
9,"MAR-strong",0.5,"Complete data","stunted","region",23,0.0013470370820344,0.00526430077303786,0.933826086956522,0.898,0
9,"MAR-strong",0.5,"Complete data","stunted","wealth",5,0.000518648690856804,0.00130138985059497,0.9428,0.934,0
9,"MAR-strong",0.5,"Complete data","wasted","region",23,0.000752565314511153,0.00331632060897874,0.919602164582945,0.608,34
9,"MAR-strong",0.5,"Complete data","wasted","wealth",5,0.000374149358324948,0.000503778498088289,0.9472,0.926,0
9,"MAR-strong",0.5,"CCA","stunted","region",23,0.027594018114865,0.0505551672006451,0.897391304347826,0.85,0
9,"MAR-strong",0.5,"CCA","stunted","wealth",5,0.0303481662038159,0.0461480999400984,0.728,0.486,0
9,"MAR-strong",0.5,"CCA","wasted","region",23,0.00647969098917192,0.0294881845699175,0.935126820019188,0.734,81
9,"MAR-strong",0.5,"CCA","wasted","wealth",5,0.00894426349160481,0.0182567809952219,0.8904,0.784,0
9,"MAR-strong",0.5,"IPW","stunted","region",23,0.00186088256701141,0.0062426524347482,0.935739130434783,0.92,0
9,"MAR-strong",0.5,"IPW","stunted","wealth",5,0.000851629337641735,0.00155809633913395,0.9432,0.936,0
9,"MAR-strong",0.5,"IPW","wasted","region",23,0.00153367134507879,0.00657800740366315,0.929307735184857,0.718,81
9,"MAR-strong",0.5,"IPW","wasted","wealth",5,0.000636183880189015,0.00130566336566244,0.942,0.928,0
9,"MAR-strong",0.5,"MI-PMM","stunted","region",23,0.0157581831056104,0.0547168716989764,0.935826086956522,0.836,0
9,"MAR-strong",0.5,"MI-PMM","stunted","wealth",5,0.0116860660314358,0.0241610575931754,0.9228,0.834,0
9,"MAR-strong",0.5,"MI-PMM","wasted","region",23,0.00724869736486302,0.0213076768194768,0.972002915343462,0.872,33
9,"MAR-strong",0.5,"MI-PMM","wasted","wealth",5,0.00340567188337048,0.00735393857961239,0.9652,0.906,0
9,"MAR-strong",0.5,"MI-RF","stunted","region",23,0.0236970883262863,0.0522482552885225,0.907652173913043,0.792,0
9,"MAR-strong",0.5,"MI-RF","stunted","wealth",5,0.0165776034286637,0.0339317714644442,0.848,0.596,0
9,"MAR-strong",0.5,"MI-RF","wasted","region",23,0.00992523414436181,0.0356278671382626,0.944740151885119,0.726,65
9,"MAR-strong",0.5,"MI-RF","wasted","wealth",5,0.00810414135893315,0.0201062379556427,0.8896,0.624,0
10,"MNAR",0.1,"Complete data","stunted","region",23,0.00112016524644616,0.00352503599918669,0.930869565217391,0.91,0
10,"MNAR",0.1,"Complete data","stunted","wealth",5,0.00059390181753447,0.00140305816236291,0.9372,0.926,0
10,"MNAR",0.1,"Complete data","wasted","region",23,0.000779079094432354,0.00508030034371286,0.916874806188692,0.606,24
10,"MNAR",0.1,"Complete data","wasted","wealth",5,0.000333188114708054,0.000696755059165832,0.958,0.946,0
10,"MNAR",0.1,"CCA","stunted","region",23,0.021829316500276,0.074819545275135,0.868782608695652,0.248,0
10,"MNAR",0.1,"CCA","stunted","wealth",5,0.0218672042064506,0.0283613409348147,0.7616,0.598,0
10,"MNAR",0.1,"CCA","wasted","region",23,0.0110168113102278,0.0424696359979773,0.885923255967652,0.592,38
10,"MNAR",0.1,"CCA","wasted","wealth",5,0.0113249849427233,0.0157743239991156,0.8008,0.678,0
10,"MNAR",0.1,"IPW","stunted","region",23,0.0199980769225805,0.0741359027076829,0.87704347826087,0.266,0
10,"MNAR",0.1,"IPW","stunted","wealth",5,0.0204669626906724,0.0278643518917331,0.7824,0.6,0
10,"MNAR",0.1,"IPW","wasted","region",23,0.0114110705115446,0.0451802803518467,0.881295953415804,0.592,38
10,"MNAR",0.1,"IPW","wasted","wealth",5,0.0115105819115336,0.0160436328517496,0.7888,0.658,0
10,"MNAR",0.1,"MI-PMM","stunted","region",23,0.0203940015517395,0.0839796292653247,0.882869565217391,0.19,0
10,"MNAR",0.1,"MI-PMM","stunted","wealth",5,0.020581105644104,0.0276227200976181,0.7732,0.61,0
10,"MNAR",0.1,"MI-PMM","wasted","region",23,0.0109521218004946,0.0435108925916759,0.910091806038474,0.578,38
10,"MNAR",0.1,"MI-PMM","wasted","wealth",5,0.0109193383631657,0.015190540288272,0.8236,0.682,0
10,"MNAR",0.1,"MI-RF","stunted","region",23,0.018737911981851,0.0683801254733937,0.890260869565217,0.338,0
10,"MNAR",0.1,"MI-RF","stunted","wealth",5,0.0189192567464808,0.026720613657871,0.7984,0.632,0
10,"MNAR",0.1,"MI-RF","wasted","region",23,0.0111351067836251,0.0460287454046136,0.899182753923066,0.536,38
10,"MNAR",0.1,"MI-RF","wasted","wealth",5,0.011001021167386,0.0163174390386075,0.8132,0.644,0
11,"MNAR",0.3,"Complete data","stunted","region",23,0.00116338654317248,0.0041459124399888,0.931304347826087,0.91,0
11,"MNAR",0.3,"Complete data","stunted","wealth",5,0.00126564037016147,0.00185730220180053,0.9388,0.918,0
11,"MNAR",0.3,"Complete data","wasted","region",23,0.000917738490879184,0.00631355542089888,0.921311660966115,0.59,26
11,"MNAR",0.3,"Complete data","wasted","wealth",5,0.000350740002601876,0.000839663942440255,0.9404,0.922,0
11,"MNAR",0.3,"CCA","stunted","region",23,0.0615829210369372,0.145224512172261,0.636782608695652,0.026,0
11,"MNAR",0.3,"CCA","stunted","wealth",5,0.0601796965713049,0.075031197126058,0.2384,0.024,0
11,"MNAR",0.3,"CCA","wasted","region",23,0.0248833038692295,0.0736513272989414,0.798617287305454,0.402,136
11,"MNAR",0.3,"CCA","wasted","wealth",5,0.024700689734188,0.0321111819109691,0.3632,0.184,0
11,"MNAR",0.3,"IPW","stunted","region",23,0.0573873953377364,0.148979767355134,0.686173913043478,0.064,0
11,"MNAR",0.3,"IPW","stunted","wealth",5,0.0579680211162348,0.0757299241525001,0.2824,0.03,0
11,"MNAR",0.3,"IPW","wasted","region",23,0.0258867259944101,0.0784885914399226,0.775987284148216,0.3,136
11,"MNAR",0.3,"IPW","wasted","wealth",5,0.0260003345499505,0.0339358779876351,0.3408,0.166,0
11,"MNAR",0.3,"MI-PMM","stunted","region",23,0.058269095769999,0.173481050724179,0.698,0.01,0
11,"MNAR",0.3,"MI-PMM","stunted","wealth",5,0.0579790669696562,0.0798695899701036,0.282,0.018,0
11,"MNAR",0.3,"MI-PMM","wasted","region",23,0.0246544986985819,0.071598692762827,0.84284624074174,0.216,106
11,"MNAR",0.3,"MI-PMM","wasted","wealth",5,0.0243454497729589,0.0316648571693923,0.3432,0.134,0
11,"MNAR",0.3,"MI-RF","stunted","region",23,0.054912016229229,0.133270918084406,0.685304347826087,0.02,0
11,"MNAR",0.3,"MI-RF","stunted","wealth",5,0.0546846461692878,0.0747473605376241,0.2864,0.014,0
11,"MNAR",0.3,"MI-RF","wasted","region",23,0.0259516153391417,0.0814466860838133,0.806707203642752,0.118,125
11,"MNAR",0.3,"MI-RF","wasted","wealth",5,0.0253562515114391,0.0354399997750652,0.3224,0.058,0
12,"MNAR",0.5,"Complete data","stunted","region",23,0.0017211944936216,0.00356080686103694,0.93,0.9,0
12,"MNAR",0.5,"Complete data","stunted","wealth",5,0.000677255036447122,0.00117801930695821,0.9428,0.904,0
12,"MNAR",0.5,"Complete data","wasted","region",23,0.000796158470062602,0.00275786762604111,0.916235751915726,0.628,22
12,"MNAR",0.5,"Complete data","wasted","wealth",5,0.000260140839110193,0.000392729610068587,0.9428,0.928,0
12,"MNAR",0.5,"CCA","stunted","region",23,0.101296192311184,0.19219412284407,0.436,0.04,0
12,"MNAR",0.5,"CCA","stunted","wealth",5,0.099551867662105,0.119774454094383,0.064,0,0
12,"MNAR",0.5,"CCA","wasted","region",23,0.0347653829254755,0.0870119405690021,0.770010747365549,0.484,610
12,"MNAR",0.5,"CCA","wasted","wealth",5,0.0338693105900097,0.0430295563244521,0.2208,0.102,0
12,"MNAR",0.5,"IPW","stunted","region",23,0.0948086845314455,0.196061278232084,0.52104347826087,0.114,0
12,"MNAR",0.5,"IPW","stunted","wealth",5,0.0959459232523417,0.117877197227206,0.09,0.002,0
12,"MNAR",0.5,"IPW","wasted","region",23,0.0357932843368119,0.0918228182327039,0.746899361560004,0.426559356136821,610
12,"MNAR",0.5,"IPW","wasted","wealth",5,0.0358778186789381,0.0459869980101306,0.2112,0.078,0
12,"MNAR",0.5,"MI-PMM","stunted","region",23,0.0954825402137478,0.234023776956044,0.482782608695652,0.01,0
12,"MNAR",0.5,"MI-PMM","stunted","wealth",5,0.0951164215351904,0.130345556044381,0.1036,0,0
12,"MNAR",0.5,"MI-PMM","wasted","region",23,0.0344050988116715,0.0838357144107292,0.77025997385434,0.206,237
12,"MNAR",0.5,"MI-PMM","wasted","wealth",5,0.0336916734319275,0.0437147932577809,0.116,0.022,0
12,"MNAR",0.5,"MI-RF","stunted","region",23,0.0926128903257452,0.175548281792722,0.433826086956522,0.002,0
12,"MNAR",0.5,"MI-RF","stunted","wealth",5,0.0926703409383542,0.120737172853353,0.0804,0,0
12,"MNAR",0.5,"MI-RF","wasted","region",23,0.0369272083551599,0.0977243065668349,0.713753702752549,0.064,412
12,"MNAR",0.5,"MI-RF","wasted","wealth",5,0.0356060343073392,0.0494661746609548,0.1248,0.002,0
13,"MAR",0.3,"MI-RF (ntree=50)","stunted","region",23,0.00967887108193672,0.0291360974796719,0.938695652173913,0.89,0
13,"MAR",0.3,"MI-RF (ntree=50)","stunted","wealth",5,0.00681310856376668,0.0161969787898351,0.939,0.88,0
13,"MAR",0.3,"MI-RF (ntree=50)","wasted","region",23,0.00363210410452323,0.0115237572048331,0.958649120039769,0.8,22
13,"MAR",0.3,"MI-RF (ntree=50)","wasted","wealth",5,0.0020471686311541,0.00402158441833779,0.964,0.92,0
