"scenario","mechanism","rate","method","outcome","n_sim","theta","mean_est","bias","bias_mcse","rel_bias","emp_se","emp_se_mcse","mod_se","mod_se_mcse","se_ratio","rmse","rmse_mcse","coverage","coverage_mcse","ci_width","mean_fmi","label"
1,"MCAR",0.1,"Complete data","stunted",20,0.396388083090866,0.394801032933821,-0.00158705015704486,0.00234054728645712,-0.0040037786824208,0.0104672456741416,0.00169801146858408,0.00923963785789309,0.000106546452491283,0.882719116903772,0.0103249115542783,0.00186555983019847,0.9,0.0670820393249937,0.0362370226467836,NA,"MCAR 10%"
1,"MCAR",0.1,"CCA","stunted",20,0.396388083090866,0.394192863114682,-0.00219521997618394,0.00215552996067835,-0.00553805744881769,0.0096398230392285,0.00156378579287271,0.00955324487904068,9.96155656549297e-05,0.991018698181959,0.00964877554719226,0.00189714369121581,0.9,0.0670820393249937,0.0374746030033423,NA,"MCAR 10%"
1,"MCAR",0.1,"IPW","stunted",20,0.396388083090866,0.394416488624065,-0.00197159446680112,0.00217428861913471,-0.0049738994457842,0.00972371431017872,0.00157739475406672,0.00955672329932678,0.000104360262426105,0.982826417403365,0.00968040669229328,0.00190548202028293,0.9,0.0670820393249937,0.0374847256521113,NA,"MCAR 10%"
1,"MCAR",0.1,"MI-PMM","stunted",20,0.396388083090866,0.394301925037922,-0.00208615805294382,0.00220781330774273,-0.0052629181903675,0.0098736412754828,0.00160171611944418,0.00939684596973957,0.000110138753303107,0.951710286768554,0.00984715227144041,0.00186685357382718,0.9,0.0670820393249937,0.036897146433845,0.0876589346780704,"MCAR 10%"
1,"MCAR",0.1,"MI-RF","stunted",20,0.396388083090866,0.39418293354018,-0.00220514955068568,0.00221096830751237,-0.0055631075825763,0.00988775086339065,0.00160400499684616,0.0093008747076697,9.25121943119891e-05,0.940646142502047,0.00988645137653282,0.00185879641153623,0.9,0.0670820393249937,0.0365140134863657,0.0637712386252015,"MCAR 10%"
2,"MCAR",0.3,"Complete data","stunted",20,0.396388083090866,0.395090138711007,-0.00129794437985914,0.00188628408652501,-0.00327442835752861,0.00843571888469203,0.00136845430573435,0.00941639418518377,8.88884647232261e-05,1.11625272414795,0.00832393807399359,0.00104108590162503,1,0,0.0369443339452672,NA,"MCAR 30%"
2,"MCAR",0.3,"CCA","stunted",20,0.396388083090866,0.393929299286394,-0.00245878380447173,0.00243893183682514,-0.00620297105124649,0.0109072347592589,0.00176938712325382,0.010653778661139,0.000151685608274895,0.976762570558528,0.0109116909498958,0.00114522015448874,1,0,0.041751247319715,NA,"MCAR 30%"
2,"MCAR",0.3,"IPW","stunted",20,0.396388083090866,0.394368728126326,-0.0020193549645402,0.00241816278938693,-0.00509438868291429,0.0108143527554593,0.00175431967259999,0.0106611973219111,0.000147083953703572,0.985837762369006,0.0107322182570216,0.0011634404585111,1,0,0.041784224604976,NA,"MCAR 30%"
2,"MCAR",0.3,"MI-PMM","stunted",20,0.396388083090866,0.395540471752146,-0.000847611338719634,0.00239628903412097,-0.00213833708649947,0.0107165303480636,0.00173845078265383,0.00996645950460309,0.000135358788696407,0.930008051197647,0.0104795165226,0.00130583716899384,0.95,0.0487339717240448,0.039422636915197,0.249555506011118,"MCAR 30%"
2,"MCAR",0.3,"MI-RF","stunted",20,0.396388083090866,0.39355530509301,-0.00283277799785592,0.00244544403331944,-0.00714647619011933,0.010936358187347,0.00177411156714649,0.00963190328130855,0.000131085820753766,0.880723099619424,0.0110294317653718,0.00113529956346475,0.95,0.0487339717240448,0.0379351490611369,0.176518571161009,"MCAR 30%"
3,"MCAR",0.5,"Complete data","stunted",20,0.396388083090866,0.396517128343723,0.000129045252857229,0.00163509380027257,0.000325552806358328,0.00731236177399585,0.00118622171879987,0.00929892683087245,0.000101513470386194,1.27167215166257,0.00712837678966193,0.00112812680528467,1,0,0.0364735872328551,NA,"MCAR 50%"
3,"MCAR",0.5,"CCA","stunted",20,0.396388083090866,0.394151339647518,-0.00223674344334807,0.00246435583759027,-0.00564281202882511,0.0110209343472005,0.0017878316319917,0.0117574053859567,0.000110960106554375,1.06682473695556,0.0109722816871606,0.00154586794294004,1,0,0.0461159896098322,NA,"MCAR 50%"
3,"MCAR",0.5,"IPW","stunted",20,0.396388083090866,0.394926822367535,-0.00146126072333108,0.00220313963746754,-0.00368643959207045,0.00985273998660333,0.00159832548265868,0.0117953118622513,0.000109774929443074,1.19716057444825,0.00971380172141585,0.00133263114130495,1,0,0.0462657762985603,NA,"MCAR 50%"
3,"MCAR",0.5,"MI-PMM","stunted",20,0.396388083090866,0.396765023982627,0.000376940891760991,0.0023630680365564,0.000950939011137181,0.0105679615303941,0.00171434973791577,0.0104396040644945,0.000187841068705143,0.987854094138163,0.0103072695122606,0.00163071532137547,0.95,0.0487339717240448,0.0417519072397596,0.38675320720947,"MCAR 50%"
3,"MCAR",0.5,"MI-RF","stunted",20,0.396388083090866,0.393752809668568,-0.00263527342229847,0.00215969376314414,-0.00664821556124928,0.00965844412994526,0.00156680653267179,0.00997698263156892,0.000151756847053893,1.03298031208112,0.00977578292879824,0.00132202020807412,0.95,0.0487339717240448,0.0396698537233418,0.314773846331977,"MCAR 50%"
4,"MAR",0.1,"Complete data","stunted",20,0.396388083090866,0.396719809064649,0.000331725973783115,0.00271314871308968,0.000836871712177764,0.0121335699110692,0.0019683249543631,0.00931112323285393,9.88383372685912e-05,0.767385303838699,0.0118309925606073,0.00141119036052873,0.9,0.0670820393249937,0.0365234733801058,NA,"MAR 10%"
4,"MAR",0.1,"CCA","stunted",20,0.396388083090866,0.396309631604715,-7.84514861511543e-05,0.00274257361668397,-0.000197915854430897,0.0122651620804056,0.00198967202308254,0.00962842010599751,0.000104278759347827,0.785021840141804,0.011954858654596,0.00155432374688493,0.95,0.0487339717240448,0.0377666083257795,NA,"MAR 10%"
4,"MAR",0.1,"IPW","stunted",20,0.396388083090866,0.39610752719568,-0.00028055589518633,0.00280380367974178,-0.000707780852034385,0.0125389912469333,0.00203409297962372,0.00963668986556947,9.98767718743004e-05,0.768537889196336,0.0122247166849159,0.00149852717271075,0.95,0.0487339717240448,0.0378026049932347,NA,"MAR 10%"
4,"MAR",0.1,"MI-PMM","stunted",20,0.396388083090866,0.395941536202842,-0.000446546888024479,0.00272707513517821,-0.00112653963898838,0.0121958507640158,0.00197842824283734,0.00939922263915836,9.74828534766367e-05,0.77069019792297,0.0118954294242975,0.00152808449317052,0.95,0.0487339717240448,0.0369070484163508,0.0758463449731493,"MAR 10%"
4,"MAR",0.1,"MI-RF","stunted",20,0.396388083090866,0.396044178071688,-0.000343905019178414,0.00269875684603316,-0.000867596766524334,0.0120692075249462,0.00195788399661886,0.00940956227816074,9.54920713617392e-05,0.779633812635326,0.0117686342635168,0.00148846161455043,0.95,0.0487339717240448,0.0369477434736076,0.0738398400249894,"MAR 10%"
5,"MAR",0.3,"Complete data","stunted",20,0.396388083090866,0.399384560395304,0.00299647730443786,0.00243621148534921,0.00755945355640514,0.0108950689776132,0.00176741357286609,0.00932181912813162,9.76849572950608e-05,0.855599826608331,0.0110338695778776,0.00105653519220716,1,0,0.0365684681877903,NA,"MAR 30%"
5,"MAR",0.3,"CCA","stunted",20,0.396388083090866,0.400134896236149,0.00374681314528286,0.00255071788316633,0.00945238594477109,0.0114071571563686,0.00185048524496806,0.0104725502558184,0.000107230665911198,0.918068376919974,0.0117326757995033,0.00140972615103529,0.95,0.0487339717240448,0.0410768581317172,NA,"MAR 30%"
5,"MAR",0.3,"IPW","stunted",20,0.396388083090866,0.399381099629342,0.00299301653847628,0.00260640005396302,0.00755072280462623,0.0116561753944409,0.00189088133743563,0.0107207852691839,9.99507105080459e-05,0.919751539968838,0.0117486702049323,0.00205994881145219,0.95,0.0487339717240448,0.042056224963038,NA,"MAR 30%"
5,"MAR",0.3,"MI-PMM","stunted",20,0.396388083090866,0.39835079532227,0.00196271223140382,0.00225740681232978,0.00495149151836105,0.010095430170481,0.00163769502918181,0.0100173451094257,0.000145218650619971,0.992265306209178,0.0100336466010124,0.00195115907344026,0.95,0.0487339717240448,0.0396934963413041,0.267968287137216,"MAR 30%"
5,"MAR",0.3,"MI-RF","stunted",20,0.396388083090866,0.398275847952739,0.00188776486187336,0.00267720798210224,0.00476241577989271,0.0119728380757713,0.00194225080762012,0.00973134624547166,0.000146944496567933,0.812785254747944,0.0118213816951713,0.00162243948011053,0.9,0.0670820393249937,0.0384220406178843,0.213574138922106,"MAR 30%"
6,"MAR",0.5,"Complete data","stunted",20,0.396388083090866,0.39683811415003,0.000450031059163858,0.00247449834466058,0.00113532943688596,0.0110662930177435,0.00179518977998779,0.00929767603296363,0.00010882639819693,0.840179816136793,0.0107954725256027,0.00244319498284939,0.95,0.0487339717240448,0.0364644739260878,NA,"MAR 50%"
6,"MAR",0.5,"CCA","stunted",20,0.396388083090866,0.399206541382676,0.0028184582918101,0.00316680075824204,0.00711035071950942,0.0141623635332542,0.00229743873893498,0.0118824467849822,0.000134775600738365,0.839015801075961,0.0140885634806505,0.00159452878197642,0.95,0.0487339717240448,0.0465906834624492,NA,"MAR 50%"
6,"MAR",0.5,"IPW","stunted",20,0.396388083090866,0.400156589165702,0.00376850607483648,0.00331411155034722,0.00950711243751645,0.0148211574231872,0.00240430921999218,0.0130571025473611,0.000173293436744493,0.880977252622234,0.0149293338776662,0.00195222983095394,0.9,0.0670820393249937,0.051165390391389,NA,"MAR 50%"
6,"MAR",0.5,"MI-PMM","stunted",20,0.396388083090866,0.399647905294737,0.00325982220387105,0.00303337218089815,0.0082238148494585,0.0135656527950901,0.00220063947498602,0.0113068389619223,0.000302177882585431,0.833490222159796,0.0136180773154635,0.00176903566604148,0.9,0.0670820393249937,0.0455119933558623,0.462305974209266,"MAR 50%"
6,"MAR",0.5,"MI-RF","stunted",20,0.396388083090866,0.397982365868666,0.00159428277779972,0.00323906802537228,0.00402202499471774,0.0144855525769569,0.00234986692489833,0.0100756535145953,0.000201293732513964,0.695565699759586,0.0142084977869718,0.00212313898181603,0.9,0.0670820393249937,0.0400821205030351,0.335208951776621,"MAR 50%"
7,"MNAR",0.1,"Complete data","stunted",20,0.396388083090866,0.398043221510227,0.00165513841936094,0.00198863305704807,0.00417555040114947,0.00889343739572539,0.00144270605307204,0.00928274597949064,0.000101292890860222,1.04377481579309,0.00882485413269517,0.00118272027396024,0.95,0.0487339717240448,0.0364092738374929,NA,"MNAR 10%"
7,"MNAR",0.1,"CCA","stunted",20,0.396388083090866,0.375755005952945,-0.0206330771379211,0.00226468032019234,-0.0520527180762679,0.0101279582865121,0.00164297178639108,0.00948637663576751,0.000104891408472625,0.936652419708419,0.0228729236058722,0.00255546383661198,0.55,0.111242977306435,0.0372065300755096,NA,"MNAR 10%"
7,"MNAR",0.1,"IPW","stunted",20,0.396388083090866,0.377851594020469,-0.0185364890703973,0.00231107249350435,-0.0467634872518308,0.0103354303928113,0.00167662820631993,0.0094974844439021,0.000102203968842246,0.918924910036444,0.0210969545762268,0.00263192817423606,0.6,0.109544511501033,0.0372521410377971,NA,"MNAR 10%"
7,"MNAR",0.1,"MI-PMM","stunted",20,0.396388083090866,0.377817896017529,-0.0185701870733366,0.0022641039000015,-0.0468484999057847,0.0101253804570515,0.00164255360723254,0.00934462157115259,9.21946138154406e-05,0.922890908720851,0.0210297173273622,0.00264297091140501,0.65,0.106653645038508,0.0367078843415505,0.088345029292434,"MNAR 10%"
7,"MNAR",0.1,"MI-RF","stunted",20,0.396388083090866,0.379011369134509,-0.0173767139563567,0.00228243519579162,-0.0438376295797302,0.0102073605040562,0.00165585252696202,0.0093053514479876,9.32023693020387e-05,0.9116315078996,0.0200232586248548,0.00260399643627006,0.65,0.106653645038508,0.0365403992128991,0.0748386056052754,"MNAR 10%"
8,"MNAR",0.3,"Complete data","stunted",20,0.396388083090866,0.396508041286977,0.000119958196110659,0.00281889125166196,0.0003026281596946,0.0126064649197912,0.00204503865472364,0.00925401582756511,0.000114086621408414,0.734069057935265,0.0122878476493666,0.00190671507058196,0.8,0.0894427190999916,0.0362868351180239,NA,"MNAR 30%"
8,"MNAR",0.3,"CCA","stunted",20,0.396388083090866,0.332489940321822,-0.0638981427690436,0.00301538757818032,-0.161200968179449,0.0134852232066393,0.00218759207284657,0.0100030674423734,0.000147098622173224,0.741779894117619,0.0652359665523499,0.00295955835839274,0,0,0.0392026142845182,NA,"MNAR 30%"
8,"MNAR",0.3,"IPW","stunted",20,0.396388083090866,0.334818472950448,-0.061569610140418,0.00301637609215578,-0.155326592213177,0.013489643975531,0.00218830921625866,0.0102347018809913,0.00012477770965825,0.758708080032075,0.0629578340057877,0.0028564535951599,0,0,0.0401327778876341,NA,"MNAR 30%"
8,"MNAR",0.3,"MI-PMM","stunted",20,0.396388083090866,0.334082424473547,-0.0623056586173185,0.00295609856105062,-0.157183480722946,0.013220074661397,0.0021445792990266,0.00931896891683183,0.000150939286735695,0.704910460456286,0.0636241066820439,0.0028596124611417,0,0,0.0368083870113564,0.224340731838178,"MNAR 30%"
8,"MNAR",0.3,"MI-RF","stunted",20,0.396388083090866,0.337553044142643,-0.0588350389482233,0.00298919076937296,-0.148427870206018,0.0133680675160657,0.00216858691022815,0.00921468265682204,0.000138771918276705,0.689305514484266,0.0602605324876684,0.00285342926699427,0,0,0.0363355926627637,0.200551600312821,"MNAR 30%"
9,"MNAR",0.5,"Complete data","stunted",20,0.396388083090866,0.399162829002532,0.00277474591166577,0.00178414887733834,0.00700007399321764,0.0079789563434169,0.0012943576371694,0.00949803891298554,0.000115933810794751,1.1903861237218,0.00825710433432636,0.000960540544641069,1,0,0.0372433206816603,NA,"MNAR 50%"
9,"MNAR",0.5,"CCA","stunted",20,0.396388083090866,0.298745654059281,-0.0976424290315849,0.00234421590940371,-0.24633038478405,0.0104836522547264,0.00170067296740243,0.0113286690035953,0.000143415981675854,1.08060327911849,0.0981756363032917,0.00241240673046676,0,0,0.0444198184546264,NA,"MNAR 50%"
9,"MNAR",0.5,"IPW","stunted",20,0.396388083090866,0.302933373926486,-0.0934547091643801,0.00224887940216992,-0.235765688099551,0.010057294432902,0.00163150859563588,0.0122093916379017,0.000168455081129269,1.21398371295158,0.0939674112538142,0.00223215644325098,0,0,0.0478545855977699,NA,"MNAR 50%"
9,"MNAR",0.5,"MI-PMM","stunted",20,0.396388083090866,0.301406912013283,-0.0949811710775834,0.00206587472875785,-0.239616615961208,0.009238872653003,0.00149874305141629,0.0104891941739237,0.000253347662701993,1.13533269348769,0.0954070845837595,0.00210954856265358,0,0,0.0423024034416005,0.467105779189413,"MNAR 50%"
9,"MNAR",0.5,"MI-RF","stunted",20,0.396388083090866,0.304441599775682,-0.091946483315184,0.00206600225945724,-0.231960765818751,0.00923944298762908,0.00149883557190985,0.00960011012023286,0.000189863477748104,1.03903559263115,0.0923864423788198,0.00206728353090329,0,0,0.0382584895751825,0.355629297837213,"MNAR 50%"
10,"MAR",0.3,"MI-RF (ntree=50)","stunted",4,0.396388083090866,0.395496199397741,-0.000891883693124707,0.00409723894874588,-0.00225002650475811,0.00819447789749177,0.00334538159289492,0.00942857804539412,0.00016985150227657,1.15060143713123,0.00715245115547268,0.00184615538038059,1,0,0.0371312050999274,0.15389302814861,"MAR 30% (ntree=50)"
1,"MCAR",0.1,"Complete data","wasted",20,0.0762326625345566,0.076487023032728,0.000254360498171402,0.000843093862233911,0.00333663405834867,0.00377043037473573,0.000611644573664224,0.00442062141646241,4.02162160019114e-05,1.17244478139243,0.00368375314227533,0.000684386117949549,0.95,0.0487339717240448,0.0173775909425562,NA,"MCAR 10%"
1,"MCAR",0.1,"CCA","wasted",20,0.0762326625345566,0.0761713199491335,-6.1342585423077e-05,0.000939760144615467,-0.000804675888045628,0.00420273513181044,0.000681773665718472,0.00460349209741638,4.07623051748602e-05,1.09535622708474,0.00409677877991141,0.000709716042492206,0.95,0.0487339717240448,0.0180999614160312,NA,"MCAR 10%"
1,"MCAR",0.1,"IPW","wasted",20,0.0762326625345566,0.0762028398698585,-2.98226646981009e-05,0.000923217071399352,-0.000391205865131395,0.00412875225927446,0.000669772058996349,0.00460940935751621,4.08659077457539e-05,1.11641703547653,0.00402432042075062,0.000691690989529279,0.95,0.0487339717240448,0.0181232562829257,NA,"MCAR 10%"
1,"MCAR",0.1,"MI-PMM","wasted",20,0.0762326625345566,0.0761733924452015,-5.9270089355079e-05,0.000929837364597139,-0.000777489430179769,0.00415835911051692,0.000674574924480108,0.00449695763821608,4.37207415050829e-05,1.08142599489371,0.00405350045157396,0.000703071192001989,0.95,0.0487339717240448,0.0176954094101827,0.0756193732218628,"MCAR 10%"
1,"MCAR",0.1,"MI-RF","wasted",20,0.0762326625345566,0.0757531969039767,-0.000479465630579906,0.000960616388285249,-0.00628950392966482,0.0042960070890123,0.000696904375167406,0.00451232994387541,3.61847038083548e-05,1.05035439895255,0.00421459136267196,0.00063470406779194,0.95,0.0487339717240448,0.0177616557003255,0.0775026312312073,"MCAR 10%"
2,"MCAR",0.3,"Complete data","wasted",20,0.0762326625345566,0.0745716647002255,-0.00166099783433106,0.000752828330082507,-0.0217885323574803,0.00336675064290427,0.000546159073884839,0.00439025539125151,4.47570689447321e-05,1.30400372849245,0.00367793055978141,0.000710476477476721,0.95,0.0487339717240448,0.0172557268293891,NA,"MCAR 30%"
2,"MCAR",0.3,"CCA","wasted",20,0.0762326625345566,0.0746225429879739,-0.00161011954658266,0.00121280817100625,-0.0211211243717585,0.00542384302807432,0.000879863524004394,0.00512758575163973,8.35050281418626e-05,0.945378714888847,0.00552626949105981,0.00109680860326386,0.9,0.0670820393249937,0.0201336781640685,NA,"MCAR 30%"
2,"MCAR",0.3,"IPW","wasted",20,0.0762326625345566,0.0745439227825495,-0.00168873975200712,0.00121459214779566,-0.0221524435309026,0.00543182121481713,0.000881157756795859,0.00514430143022247,8.38650316279656e-05,0.947067516911207,0.00555709362655153,0.00114031186808418,0.9,0.0670820393249937,0.0201999119273051,NA,"MCAR 30%"
2,"MCAR",0.3,"MI-PMM","wasted",20,0.0762326625345566,0.0743700752729093,-0.00186258726164727,0.00108351501306531,-0.0244329293995596,0.00484562644771122,0.000786064408616523,0.00476942044093889,6.10483439043534e-05,0.98427323946766,0.00507694023940318,0.00106936810377079,0.9,0.0670820393249937,0.018893936853059,0.232152254462841,"MCAR 30%"
2,"MCAR",0.3,"MI-RF","wasted",20,0.0762326625345566,0.0729267047858228,-0.00330595774873382,0.00113276796130962,-0.0433666835030879,0.00506589232844434,0.000821796252815668,0.00483746333464569,0.000121890394514492,0.954908438831981,0.00594217623986657,0.00115492281573591,0.9,0.0670820393249937,0.0191222266085571,0.241036055581374,"MCAR 30%"
3,"MCAR",0.5,"Complete data","wasted",20,0.0762326625345566,0.0760853693619231,-0.000147293172633484,0.000675261443049584,-0.00193215306584254,0.00301986097848695,0.000489886139547488,0.00445427888237655,4.18218179820708e-05,1.47499468157912,0.00294707950208731,0.000347069742503587,1,0,0.0175097679492989,NA,"MCAR 50%"
3,"MCAR",0.5,"CCA","wasted",20,0.0762326625345566,0.0767051998073993,0.00047253727284273,0.00138555330372229,0.00619861955665692,0.00619638274714492,0.00100518601511199,0.00604759883650753,0.000110431923211592,0.9759885861302,0.0060579445908563,0.000982891577612724,0.95,0.0487339717240448,0.0237517773079929,NA,"MCAR 50%"
3,"MCAR",0.5,"IPW","wasted",20,0.0762326625345566,0.0765627811525063,0.000330118617949737,0.00140412066857789,0.00433040913138896,0.00627941852710523,0.00101865619734185,0.00605986082511423,0.000119188551381254,0.965035345065268,0.00612931647808643,0.00102293235732093,0.95,0.0487339717240448,0.0237905129698937,NA,"MCAR 50%"
3,"MCAR",0.5,"MI-PMM","wasted",20,0.0762326625345566,0.0773059037589339,0.00107324122437727,0.00133758479389705,0.014078495866398,0.00598186104964771,0.000970386000480606,0.00536004080704587,0.000114914439633114,0.89604903266042,0.00592835350347215,0.00154551260598459,0.95,0.0487339717240448,0.02151239162325,0.394344886685563,"MCAR 50%"
3,"MCAR",0.5,"MI-RF","wasted",20,0.0762326625345566,0.0739151899660542,-0.00231747256850243,0.0012867496368805,-0.0303999951130122,0.00575451931617595,0.000933506301394486,0.00513371621967162,9.36570805119453e-05,0.892119035075745,0.00606872697013066,0.000797436506226956,0.9,0.0670820393249937,0.020494804993011,0.344874658180786,"MCAR 50%"
4,"MAR",0.1,"Complete data","wasted",20,0.0762326625345566,0.076769483532492,0.000536820997935394,0.00100902583383553,0.00704187654067639,0.00451250071101929,0.000732024278195126,0.00449099502047823,5.92650295707299e-05,0.995234196752913,0.00443088098660148,0.000604281641438658,0.95,0.0487339717240448,0.0176387986213254,NA,"MAR 10%"
4,"MAR",0.1,"CCA","wasted",20,0.0762326625345566,0.0762337486824501,1.08614789345873e-06,0.000943598677070904,1.42478021539177e-05,0.00421990157081883,0.000684558429850167,0.00466126650622862,6.44562224864425e-05,1.1045912867878,0.00411305142002218,0.000625363208034466,0.95,0.0487339717240448,0.0183059629262347,NA,"MAR 10%"
4,"MAR",0.1,"IPW","wasted",20,0.0762326625345566,0.0763396387212913,0.00010697618673472,0.00092831769836986,0.00140328545767671,0.0041515629565423,0.000673472442724123,0.0046981277145786,6.39389647216791e-05,1.13165276879036,0.00404785685734511,0.00060661084000577,0.95,0.0487339717240448,0.018452813459918,NA,"MAR 10%"
4,"MAR",0.1,"MI-PMM","wasted",20,0.0762326625345566,0.0768828127673556,0.000650150232798991,0.000905067188190788,0.00852849961136114,0.00404758351399839,0.000656604749786265,0.00463672942776479,5.45396032110107e-05,1.14555497415405,0.00399830976949768,0.00056778073682435,0.95,0.0487339717240448,0.0182519816447997,0.105511495459861,"MAR 10%"
4,"MAR",0.1,"MI-RF","wasted",20,0.0762326625345566,0.0760633050318005,-0.000169357502756123,0.00092872314792937,-0.00222158714028062,0.00415337618209533,0.000673766586750165,0.00456332870065754,6.54262925934637e-05,1.09870344042744,0.00405175134827357,0.000628096569759506,0.95,0.0487339717240448,0.0179376958459474,0.0787338623002659,"MAR 10%"
5,"MAR",0.3,"Complete data","wasted",20,0.0762326625345566,0.0758153222094068,-0.00041734032514984,0.0010697950229268,-0.00547456052660705,0.00478426878651053,0.000776110881619287,0.00447014428109691,4.7621190721345e-05,0.934342212063982,0.0046817666940479,0.000873233503101247,0.9,0.0670820393249937,0.0175686144011498,NA,"MAR 30%"
5,"MAR",0.3,"CCA","wasted",20,0.0762326625345566,0.0753983988683326,-0.00083426366622405,0.00114690316690918,-0.0109436511658749,0.00512910688963741,0.000832051008768567,0.00513224676009513,7.30333590599728e-05,1.00061216709366,0.00506836723963855,0.000696182912133686,0.95,0.0487339717240448,0.0201637183804866,NA,"MAR 30%"
5,"MAR",0.3,"IPW","wasted",20,0.0762326625345566,0.0761840699976868,-4.85925368697709e-05,0.00124921202965002,-0.000637424107386302,0.00558664603321587,0.000906273658862815,0.00541051380042314,7.90702559391478e-05,0.968472634252193,0.00544540581041153,0.00100215236921506,0.95,0.0487339717240448,0.0212576532645466,NA,"MAR 30%"
5,"MAR",0.3,"MI-PMM","wasted",20,0.0762326625345566,0.0774514686024773,0.00121880606792066,0.00121109105193031,0.0159879771661939,0.00541616383811581,0.000878617794896193,0.00492081081289896,7.80924788544396e-05,0.908541720667524,0.00541789418653115,0.000933944365756595,0.9,0.0670820393249937,0.0195145507112561,0.259915224151635,"MAR 30%"
5,"MAR",0.3,"MI-RF","wasted",20,0.0762326625345566,0.0749912120782606,-0.00124145045629596,0.00121776776983023,-0.0162850202920987,0.0054460230282974,0.000883461595161264,0.00486708552513757,6.21268974127801e-05,0.893695362624857,0.00545136750907016,0.000736303904195055,0.9,0.0670820393249937,0.019288874093782,0.241398247439187,"MAR 30%"
6,"MAR",0.5,"Complete data","wasted",20,0.0762326625345566,0.0769470259238683,0.000714363389311704,0.00098687842679205,0.00937083089532495,0.00441345449567015,0.000715956860383564,0.00452744971466119,4.49276623628049e-05,1.02582902329748,0.00436061539327563,0.000800629606125461,0.95,0.0487339717240448,0.0177955170857334,NA,"MAR 50%"
6,"MAR",0.5,"CCA","wasted",20,0.0762326625345566,0.0756331378869386,-0.000599524647617991,0.00138381751985797,-0.00786440651139823,0.00618862008571519,0.0010039267451431,0.00586850430184204,0.000107250821514589,0.948273479476944,0.00606164148066784,0.000851412660962466,1,0,0.0230424171816714,NA,"MAR 50%"
6,"MAR",0.5,"IPW","wasted",20,0.0762326625345566,0.0770097552996726,0.000777092765116033,0.00159869042937931,0.0101936983345397,0.00714956095014091,0.00115981193779286,0.00674335191747384,0.000175640040600506,0.943184059063227,0.00701172474191525,0.000974420488004805,0.95,0.0487339717240448,0.0264223635824228,NA,"MAR 50%"
6,"MAR",0.5,"MI-PMM","wasted",20,0.0762326625345566,0.0787380973574346,0.00250543482287799,0.00134149884505515,0.0328656344876091,0.00599936521856153,0.000973225551637519,0.00548255471018379,0.000144375591219807,0.913855801480668,0.00636160101909033,0.000948329950178553,0.9,0.0670820393249937,0.0220394841570656,0.428187583456832,"MAR 50%"
6,"MAR",0.5,"MI-RF","wasted",20,0.0762326625345566,0.0739560755851938,-0.00227658694936278,0.00143875254423056,-0.0298636683236768,0.00643429698340061,0.00104378080062463,0.00525512475359091,0.000122126516173174,0.816736430902744,0.00667180762050865,0.000901756096834631,0.85,0.0798435971133566,0.0210924009503072,0.389297493733863,"MAR 50%"
7,"MNAR",0.1,"Complete data","wasted",20,0.0762326625345566,0.0741715254579001,-0.00206113707665646,0.00079512476087882,-0.0270374536075287,0.00355590603183661,0.000576844129891986,0.00441504284662265,6.57398722093024e-05,1.24160841346595,0.00403243479434663,0.000477879652058798,1,0,0.0173358647074096,NA,"MNAR 10%"
7,"MNAR",0.1,"CCA","wasted",20,0.0762326625345566,0.0626104522968831,-0.0136222102376735,0.000727744981808746,-0.178692568051109,0.00325457449921741,0.000527961700438987,0.00418437431227408,5.9097759213235e-05,1.28569013039347,0.0139866813137279,0.000679740108580403,0.1,0.0670820393249937,0.016441629231763,NA,"MNAR 10%"
7,"MNAR",0.1,"IPW","wasted",20,0.0762326625345566,0.0626787147552825,-0.0135539477792741,0.000737619846454446,-0.177797119090915,0.0032987362364502,0.000535125680212494,0.00420788334285252,5.58088141390536e-05,1.27560466834434,0.0139300781807955,0.00069345255008017,0.1,0.0670820393249937,0.0165382844648473,NA,"MNAR 10%"
7,"MNAR",0.1,"MI-PMM","wasted",20,0.0762326625345566,0.0633722996873171,-0.0128603628472395,0.000686560755917527,-0.168698854528527,0.00307039304183046,0.000498083522675742,0.00411281447630911,4.85011881344027e-05,1.33950748984801,0.0132039721418372,0.000660537121238462,0.1,0.0670820393249937,0.0161861436193979,0.0857321115274035,"MNAR 10%"
7,"MNAR",0.1,"MI-RF","wasted",20,0.0762326625345566,0.0632583915886419,-0.0129742709459147,0.000700741152212349,-0.170193070982315,0.00313380970195668,0.000508371063404784,0.0041719905983003,4.44122165883828e-05,1.33128396267821,0.0133289696399864,0.000694296391770362,0.15,0.0798435971133566,0.0164333933037184,0.0972639330074251,"MNAR 10%"
8,"MNAR",0.3,"Complete data","wasted",20,0.0762326625345566,0.0761661663278106,-6.64962067459945e-05,0.000929839427882381,-0.00087227973594457,0.00415836833780904,0.000674576421344549,0.00450143177335788,5.47177619559739e-05,1.08249953050806,0.00405362154335597,0.000496995794395784,1,0,0.017685981691427,NA,"MNAR 30%"
8,"MNAR",0.3,"CCA","wasted",20,0.0762326625345566,0.049992535366474,-0.0262401271680826,0.000962496173494069,-0.344211080862981,0.00430441374403234,0.000698268114691713,0.00422385701609269,7.95552393009449e-05,0.981285087184908,0.0265734049868091,0.000989151679544978,0,0,0.0165946115935301,NA,"MNAR 30%"
8,"MNAR",0.3,"IPW","wasted",20,0.0762326625345566,0.048965275197946,-0.0272673873366106,0.00099925253519154,-0.357686409342586,0.00446879319075457,0.000724933982143681,0.00425331778356333,8.05038939752375e-05,0.951782193090289,0.0276130769585246,0.00100137516701795,0,0,0.0167132777121362,NA,"MNAR 30%"
8,"MNAR",0.3,"MI-PMM","wasted",20,0.0762326625345566,0.0509039192346206,-0.025328743299936,0.000853435145400716,-0.332255787189047,0.00381667799900684,0.000619146928997404,0.00403994790745484,7.84848749854019e-05,1.05849849227682,0.0256004671159484,0.000878237454002731,0,0,0.0160301121280454,0.265645562178148,"MNAR 30%"
8,"MNAR",0.3,"MI-RF","wasted",20,0.0762326625345566,0.0496835202476117,-0.0265491422869449,0.000942592529546153,-0.348264659848526,0.00421540194229735,0.000683828493716854,0.00396302509808546,6.82805806749783e-05,0.940129826842954,0.0268651835845358,0.000950876204472824,0,0,0.0156995385084934,0.228915412479328,"MNAR 30%"
9,"MNAR",0.5,"Complete data","wasted",20,0.0762326625345566,0.0761515836756083,-8.10788589482997e-05,0.000824603849149309,-0.00106357112886548,0.00368774052241167,0.000598230508307122,0.00454197030575681,6.09146642496396e-05,1.23164042539156,0.00359527918720836,0.000517353433673653,1,0,0.0178408016916797,NA,"MNAR 50%"
9,"MNAR",0.5,"CCA","wasted",20,0.0762326625345566,0.0399790005887598,-0.0362536619457968,0.000746151234663342,-0.475565994161136,0.00333688976440526,0.000541314999738517,0.0045917515833814,0.000122443085116657,1.37605731911249,0.0363992595544871,0.000724948802569148,0,0,0.0180498663560174,NA,"MNAR 50%"
9,"MNAR",0.5,"IPW","wasted",20,0.0762326625345566,0.0386990688223683,-0.0375335937121883,0.000953418724601794,-0.492355802149428,0.00426381815846153,0.00069168264110878,0.00471379033719538,0.000142325303758402,1.10553268502806,0.0377629685667801,0.000907315423025464,0,0,0.0185101628109526,NA,"MNAR 50%"
9,"MNAR",0.5,"MI-PMM","wasted",20,0.0762326625345566,0.0412214780146545,-0.0350111845199021,0.000740290174806366,-0.459267502352176,0.00331067830788447,0.000537062940011807,0.00411494870736772,0.000119888229406944,1.24293221046812,0.0351595734160984,0.000729244002492476,0,0,0.0165723837534934,0.423019252072652,"MNAR 50%"
9,"MNAR",0.5,"MI-RF","wasted",20,0.0762326625345566,0.0388586376804357,-0.0373740248541209,0.000795652871658686,-0.490262619873458,0.00355826781504348,0.000577227261720206,0.00377860385060721,9.5961043273257e-05,1.06192227426845,0.03753459657633,0.000773916321680859,0,0,0.015072416528012,0.322595851286859,"MNAR 50%"
10,"MAR",0.3,"MI-RF (ntree=50)","wasted",4,0.0762326625345566,0.071459934669898,-0.00477272786465857,0.00112847727300641,-0.0626073877781072,0.00225695454601282,0.000921397835064376,0.00465464675284411,6.90432596309088e-05,2.06235733061931,0.00515745229131247,0.000945061243175166,1,0,0.0184448896259246,0.228296148196965,"MAR 30% (ntree=50)"
