"outcome","scenario","method","n_sim","bias","rel_bias_pct","emp_se","mod_se","se_ratio","rmse","coverage","ci_width","fmi"
"Stunting","MCAR 10%","Complete data",500,"-0.04 (0.04)","-0.1","1.01 (0.03)","0.93 (0.00)","0.92","1.01 (0.03)","92.8 (1.2)","3.63","—"
"Stunting","MCAR 10%","CCA",500,"-0.05 (0.05)","-0.1","1.04 (0.03)","0.96 (0.00)","0.92","1.04 (0.03)","92.8 (1.2)","3.76","—"
"Stunting","MCAR 10%","IPW",500,"-0.05 (0.05)","-0.1","1.04 (0.03)","0.96 (0.00)","0.92","1.04 (0.03)","93.2 (1.1)","3.76","—"
"Stunting","MCAR 10%","MI-PMM",500,"-0.03 (0.05)","-0.1","1.02 (0.03)","0.93 (0.00)","0.92","1.02 (0.03)","92.4 (1.2)","3.67","0.07"
"Stunting","MCAR 10%","MI-RF",500,"-0.06 (0.05)","-0.2","1.04 (0.03)","0.94 (0.00)","0.90","1.04 (0.03)","92.2 (1.2)","3.67","0.07"
"Stunting","MCAR 30%","Complete data",500,"-0.03 (0.04)","-0.1","0.93 (0.03)","0.93 (0.00)","1.00","0.93 (0.03)","94.4 (1.0)","3.64","—"
"Stunting","MCAR 30%","CCA",500,"0.01 (0.05)","0.0","1.06 (0.03)","1.05 (0.00)","0.99","1.06 (0.03)","95.6 (0.9)","4.11","—"
"Stunting","MCAR 30%","IPW",500,"0.00 (0.05)","0.0","1.05 (0.03)","1.05 (0.00)","0.99","1.05 (0.03)","95.4 (0.9)","4.11","—"
"Stunting","MCAR 30%","MI-PMM",500,"0.07 (0.05)","0.2","1.02 (0.03)","0.98 (0.00)","0.96","1.02 (0.03)","93.6 (1.1)","3.86","0.23"
"Stunting","MCAR 30%","MI-RF",500,"-0.05 (0.05)","-0.1","1.04 (0.03)","0.97 (0.00)","0.93","1.04 (0.03)","94.6 (1.0)","3.81","0.20"
"Stunting","MCAR 50%","Complete data",500,"-0.05 (0.04)","-0.1","0.88 (0.03)","0.93 (0.00)","1.05","0.88 (0.03)","96.2 (0.9)","3.63","—"
"Stunting","MCAR 50%","CCA",500,"-0.07 (0.05)","-0.2","1.12 (0.04)","1.18 (0.00)","1.06","1.12 (0.03)","96.6 (0.8)","4.63","—"
"Stunting","MCAR 50%","IPW",500,"-0.04 (0.05)","-0.1","1.10 (0.03)","1.18 (0.00)","1.07","1.10 (0.03)","97.0 (0.8)","4.64","—"
"Stunting","MCAR 50%","MI-PMM",500,"0.09 (0.05)","0.2","1.07 (0.03)","1.07 (0.00)","1.00","1.07 (0.03)","94.4 (1.0)","4.28","0.41"
"Stunting","MCAR 50%","MI-RF",500,"-0.14 (0.05)","-0.4","1.07 (0.03)","1.00 (0.00)","0.93","1.08 (0.03)","93.8 (1.1)","3.98","0.32"
"Stunting","MAR 10%","Complete data",500,"-0.03 (0.04)","-0.1","1.00 (0.03)","0.92 (0.00)","0.92","1.00 (0.04)","94.0 (1.1)","3.63","—"
"Stunting","MAR 10%","CCA",500,"-0.01 (0.05)","0.0","1.02 (0.03)","0.96 (0.00)","0.94","1.02 (0.04)","94.4 (1.0)","3.77","—"
"Stunting","MAR 10%","IPW",500,"-0.02 (0.05)","-0.1","1.02 (0.03)","0.96 (0.00)","0.94","1.02 (0.04)","94.0 (1.1)","3.77","—"
"Stunting","MAR 10%","MI-PMM",500,"-0.06 (0.05)","-0.2","1.01 (0.03)","0.94 (0.00)","0.93","1.01 (0.04)","94.2 (1.0)","3.68","0.08"
"Stunting","MAR 10%","MI-RF",500,"-0.06 (0.05)","-0.1","1.02 (0.03)","0.94 (0.00)","0.91","1.02 (0.04)","93.8 (1.1)","3.67","0.07"
"Stunting","MAR 30%","Complete data",500,"0.01 (0.04)","0.0","0.92 (0.03)","0.93 (0.00)","1.00","0.92 (0.03)","95.2 (1.0)","3.64","—"
"Stunting","MAR 30%","CCA",500,"0.07 (0.05)","0.2","1.05 (0.03)","1.05 (0.00)","1.00","1.05 (0.03)","94.6 (1.0)","4.13","—"
"Stunting","MAR 30%","IPW",500,"0.01 (0.05)","0.0","1.07 (0.03)","1.08 (0.00)","1.01","1.07 (0.03)","94.8 (1.0)","4.25","—"
"Stunting","MAR 30%","MI-PMM",500,"-0.04 (0.05)","-0.1","1.01 (0.03)","1.00 (0.00)","0.99","1.01 (0.03)","95.2 (1.0)","3.95","0.26"
"Stunting","MAR 30%","MI-RF",500,"-0.09 (0.05)","-0.2","1.04 (0.03)","0.97 (0.00)","0.93","1.04 (0.03)","93.4 (1.1)","3.83","0.21"
"Stunting","MAR 30% (ntree=50)","MI-RF (ntree=50)",200,"-0.10 (0.07)","-0.3","0.97 (0.05)","0.97 (0.00)","0.99","0.97 (0.05)","96.5 (1.3)","3.81","0.20"
"Stunting","MAR 50%","Complete data",500,"0.02 (0.04)","0.0","0.94 (0.03)","0.93 (0.00)","0.98","0.94 (0.03)","94.8 (1.0)","3.64","—"
"Stunting","MAR 50%","CCA",500,"0.09 (0.05)","0.2","1.18 (0.04)","1.19 (0.00)","1.01","1.18 (0.04)","95.4 (0.9)","4.68","—"
"Stunting","MAR 50%","IPW",500,"0.02 (0.06)","0.0","1.32 (0.04)","1.30 (0.00)","0.98","1.32 (0.04)","94.4 (1.0)","5.09","—"
"Stunting","MAR 50%","MI-PMM",500,"0.00 (0.05)","0.0","1.21 (0.04)","1.14 (0.01)","0.94","1.21 (0.04)","92.2 (1.2)","4.58","0.47"
"Stunting","MAR 50%","MI-RF",500,"-0.10 (0.05)","-0.3","1.20 (0.04)","1.01 (0.00)","0.85","1.20 (0.04)","88.6 (1.4)","4.04","0.34"
"Stunting","MAR-strong 10%","Complete data",500,"-0.01 (0.04)","0.0","0.92 (0.03)","0.92 (0.00)","1.00","0.92 (0.03)","94.6 (1.0)","3.63","—"
"Stunting","MAR-strong 10%","CCA",500,"-0.73 (0.04)","-1.8","0.96 (0.03)","0.96 (0.00)","0.99","1.20 (0.04)","86.4 (1.5)","3.75","—"
"Stunting","MAR-strong 10%","IPW",500,"0.00 (0.04)","0.0","0.96 (0.03)","0.96 (0.00)","1.00","0.96 (0.03)","95.6 (0.9)","3.76","—"
"Stunting","MAR-strong 10%","MI-PMM",500,"-0.16 (0.04)","-0.4","0.96 (0.03)","0.93 (0.00)","0.97","0.98 (0.03)","95.0 (1.0)","3.67","0.08"
"Stunting","MAR-strong 10%","MI-RF",500,"-0.24 (0.04)","-0.6","0.96 (0.03)","0.93 (0.00)","0.97","0.99 (0.03)","94.0 (1.1)","3.66","0.07"
"Stunting","MAR-strong 30%","Complete data",500,"0.00 (0.04)","0.0","0.92 (0.03)","0.93 (0.00)","1.01","0.92 (0.03)","94.8 (1.0)","3.64","—"
"Stunting","MAR-strong 30%","CCA",500,"-2.18 (0.05)","-5.5","1.04 (0.03)","1.04 (0.00)","1.01","2.41 (0.04)","44.2 (2.2)","4.09","—"
"Stunting","MAR-strong 30%","IPW",500,"-0.01 (0.05)","0.0","1.07 (0.03)","1.08 (0.00)","1.00","1.07 (0.04)","96.0 (0.9)","4.23","—"
"Stunting","MAR-strong 30%","MI-PMM",500,"-0.52 (0.05)","-1.3","1.04 (0.03)","0.99 (0.00)","0.95","1.17 (0.04)","91.8 (1.2)","3.92","0.26"
"Stunting","MAR-strong 30%","MI-RF",500,"-0.86 (0.05)","-2.2","1.05 (0.03)","0.96 (0.00)","0.92","1.35 (0.04)","84.2 (1.6)","3.80","0.21"
"Stunting","MAR-strong 50%","Complete data",500,"0.01 (0.04)","0.0","0.88 (0.03)","0.93 (0.00)","1.05","0.88 (0.03)","95.4 (0.9)","3.64","—"
"Stunting","MAR-strong 50%","CCA",500,"-3.68 (0.05)","-9.3","1.17 (0.04)","1.18 (0.00)","1.01","3.87 (0.05)","11.0 (1.4)","4.62","—"
"Stunting","MAR-strong 50%","IPW",500,"-0.04 (0.06)","-0.1","1.26 (0.04)","1.30 (0.00)","1.03","1.26 (0.04)","94.8 (1.0)","5.10","—"
"Stunting","MAR-strong 50%","MI-PMM",500,"-0.90 (0.05)","-2.3","1.22 (0.04)","1.12 (0.01)","0.92","1.52 (0.05)","86.4 (1.5)","4.52","0.47"
"Stunting","MAR-strong 50%","MI-RF",500,"-1.69 (0.05)","-4.3","1.16 (0.04)","1.01 (0.00)","0.87","2.05 (0.05)","63.4 (2.2)","4.01","0.35"
"Stunting","MNAR 10%","Complete data",500,"-0.03 (0.04)","-0.1","0.96 (0.03)","0.93 (0.00)","0.97","0.96 (0.03)","94.4 (1.0)","3.65","—"
"Stunting","MNAR 10%","CCA",500,"-2.31 (0.04)","-5.8","0.97 (0.03)","0.95 (0.00)","0.98","2.51 (0.04)","33.6 (2.1)","3.71","—"
"Stunting","MNAR 10%","IPW",500,"-2.12 (0.04)","-5.4","0.97 (0.03)","0.95 (0.00)","0.97","2.34 (0.04)","41.6 (2.2)","3.71","—"
"Stunting","MNAR 10%","MI-PMM",500,"-2.16 (0.04)","-5.4","0.96 (0.03)","0.92 (0.00)","0.96","2.36 (0.04)","38.8 (2.2)","3.63","0.07"
"Stunting","MNAR 10%","MI-RF",500,"-1.99 (0.04)","-5.0","0.97 (0.03)","0.93 (0.00)","0.95","2.21 (0.04)","45.2 (2.2)","3.63","0.07"
"Stunting","MNAR 30%","Complete data",500,"0.07 (0.04)","0.2","0.93 (0.03)","0.92 (0.00)","0.99","0.94 (0.03)","94.2 (1.0)","3.63","—"
"Stunting","MNAR 30%","CCA",500,"-6.25 (0.05)","-15.8","1.02 (0.03)","1.00 (0.00)","0.98","6.33 (0.05)","0.0 (0.0)","3.93","—"
"Stunting","MNAR 30%","IPW",500,"-5.94 (0.05)","-15.0","1.03 (0.03)","1.03 (0.00)","1.00","6.03 (0.05)","0.0 (0.0)","4.02","—"
"Stunting","MNAR 30%","MI-PMM",500,"-6.04 (0.04)","-15.2","0.99 (0.03)","0.95 (0.00)","0.96","6.12 (0.04)","0.0 (0.0)","3.76","0.26"
"Stunting","MNAR 30%","MI-RF",500,"-5.69 (0.05)","-14.4","1.01 (0.03)","0.93 (0.00)","0.92","5.78 (0.05)","0.0 (0.0)","3.68","0.22"
"Stunting","MNAR 50%","Complete data",500,"-0.06 (0.04)","-0.2","0.96 (0.03)","0.92 (0.00)","0.96","0.97 (0.03)","94.2 (1.0)","3.62","—"
"Stunting","MNAR 50%","CCA",500,"-10.28 (0.05)","-25.9","1.14 (0.04)","1.10 (0.00)","0.96","10.35 (0.05)","0.0 (0.0)","4.32","—"
"Stunting","MNAR 50%","IPW",500,"-9.81 (0.06)","-24.8","1.26 (0.04)","1.19 (0.00)","0.95","9.89 (0.06)","0.0 (0.0)","4.67","—"
"Stunting","MNAR 50%","MI-PMM",500,"-9.90 (0.05)","-25.0","1.17 (0.04)","1.02 (0.01)","0.87","9.97 (0.05)","0.0 (0.0)","4.10","0.45"
"Stunting","MNAR 50%","MI-RF",500,"-9.61 (0.05)","-24.3","1.17 (0.04)","0.94 (0.00)","0.81","9.68 (0.05)","0.0 (0.0)","3.76","0.35"
"Wasting","MCAR 10%","Complete data",500,"-0.02 (0.02)","-0.3","0.44 (0.01)","0.45 (0.00)","1.02","0.44 (0.01)","95.2 (1.0)","1.75","—"
"Wasting","MCAR 10%","CCA",500,"-0.02 (0.02)","-0.3","0.45 (0.01)","0.47 (0.00)","1.02","0.45 (0.01)","93.8 (1.1)","1.83","—"
"Wasting","MCAR 10%","IPW",500,"-0.02 (0.02)","-0.3","0.45 (0.01)","0.47 (0.00)","1.03","0.45 (0.01)","94.4 (1.0)","1.83","—"
"Wasting","MCAR 10%","MI-PMM",500,"-0.02 (0.02)","-0.3","0.44 (0.01)","0.46 (0.00)","1.03","0.44 (0.01)","94.8 (1.0)","1.80","0.08"
"Wasting","MCAR 10%","MI-RF",500,"-0.08 (0.02)","-1.0","0.45 (0.01)","0.46 (0.00)","1.01","0.46 (0.01)","93.8 (1.1)","1.80","0.08"
"Wasting","MCAR 30%","Complete data",500,"-0.03 (0.02)","-0.4","0.47 (0.01)","0.45 (0.00)","0.95","0.47 (0.01)","92.8 (1.2)","1.76","—"
"Wasting","MCAR 30%","CCA",500,"-0.05 (0.03)","-0.6","0.57 (0.02)","0.52 (0.00)","0.90","0.57 (0.02)","92.0 (1.2)","2.03","—"
"Wasting","MCAR 30%","IPW",500,"-0.05 (0.03)","-0.6","0.57 (0.02)","0.52 (0.00)","0.91","0.57 (0.02)","92.2 (1.2)","2.04","—"
"Wasting","MCAR 30%","MI-PMM",500,"-0.03 (0.02)","-0.4","0.54 (0.02)","0.49 (0.00)","0.90","0.54 (0.02)","92.8 (1.2)","1.93","0.24"
"Wasting","MCAR 30%","MI-RF",500,"-0.22 (0.02)","-2.9","0.55 (0.02)","0.48 (0.00)","0.87","0.59 (0.02)","89.2 (1.4)","1.90","0.22"
"Wasting","MCAR 50%","Complete data",500,"0.01 (0.02)","0.1","0.47 (0.01)","0.45 (0.00)","0.96","0.47 (0.02)","93.6 (1.1)","1.76","—"
"Wasting","MCAR 50%","CCA",500,"0.00 (0.03)","-0.1","0.61 (0.02)","0.60 (0.00)","0.98","0.61 (0.02)","95.2 (1.0)","2.35","—"
"Wasting","MCAR 50%","IPW",500,"-0.01 (0.03)","-0.1","0.61 (0.02)","0.60 (0.00)","0.99","0.61 (0.02)","96.0 (0.9)","2.36","—"
"Wasting","MCAR 50%","MI-PMM",500,"0.05 (0.03)","0.6","0.58 (0.02)","0.52 (0.00)","0.91","0.58 (0.02)","92.0 (1.2)","2.10","0.37"
"Wasting","MCAR 50%","MI-RF",500,"-0.27 (0.03)","-3.5","0.57 (0.02)","0.51 (0.00)","0.90","0.63 (0.02)","90.6 (1.3)","2.04","0.34"
"Wasting","MAR 10%","Complete data",500,"0.05 (0.02)","0.7","0.43 (0.01)","0.45 (0.00)","1.05","0.43 (0.01)","95.8 (0.9)","1.77","—"
"Wasting","MAR 10%","CCA",500,"0.01 (0.02)","0.2","0.44 (0.01)","0.47 (0.00)","1.06","0.44 (0.01)","96.0 (0.9)","1.83","—"
"Wasting","MAR 10%","IPW",500,"0.04 (0.02)","0.5","0.44 (0.01)","0.47 (0.00)","1.07","0.44 (0.01)","95.4 (0.9)","1.85","—"
"Wasting","MAR 10%","MI-PMM",500,"0.07 (0.02)","0.9","0.43 (0.01)","0.46 (0.00)","1.07","0.44 (0.01)","95.2 (1.0)","1.81","0.09"
"Wasting","MAR 10%","MI-RF",500,"0.00 (0.02)","0.0","0.44 (0.01)","0.46 (0.00)","1.05","0.44 (0.01)","96.0 (0.9)","1.81","0.09"
"Wasting","MAR 30%","Complete data",500,"0.00 (0.02)","0.0","0.43 (0.01)","0.45 (0.00)","1.03","0.43 (0.01)","95.4 (0.9)","1.76","—"
"Wasting","MAR 30%","CCA",500,"-0.07 (0.02)","-0.9","0.49 (0.02)","0.51 (0.00)","1.05","0.49 (0.01)","95.6 (0.9)","2.02","—"
"Wasting","MAR 30%","IPW",500,"0.00 (0.02)","0.0","0.51 (0.02)","0.54 (0.00)","1.05","0.51 (0.02)","95.2 (1.0)","2.12","—"
"Wasting","MAR 30%","MI-PMM",500,"0.09 (0.02)","1.2","0.49 (0.02)","0.50 (0.00)","1.02","0.50 (0.02)","94.4 (1.0)","1.97","0.28"
"Wasting","MAR 30%","MI-RF",500,"-0.15 (0.02)","-1.9","0.48 (0.02)","0.48 (0.00)","1.00","0.51 (0.01)","94.0 (1.1)","1.92","0.24"
"Wasting","MAR 30% (ntree=50)","MI-RF (ntree=50)",200,"-0.18 (0.03)","-2.4","0.44 (0.02)","0.48 (0.00)","1.09","0.47 (0.02)","97.0 (1.2)","1.88","0.23"
"Wasting","MAR 50%","Complete data",500,"-0.01 (0.02)","-0.1","0.43 (0.01)","0.45 (0.00)","1.04","0.43 (0.01)","96.6 (0.8)","1.76","—"
"Wasting","MAR 50%","CCA",500,"-0.09 (0.03)","-1.2","0.58 (0.02)","0.59 (0.00)","1.02","0.59 (0.02)","95.6 (0.9)","2.32","—"
"Wasting","MAR 50%","IPW",500,"-0.02 (0.03)","-0.3","0.64 (0.02)","0.66 (0.00)","1.03","0.64 (0.02)","95.2 (1.0)","2.58","—"
"Wasting","MAR 50%","MI-PMM",500,"0.14 (0.03)","1.8","0.57 (0.02)","0.56 (0.00)","0.98","0.59 (0.02)","94.6 (1.0)","2.24","0.44"
"Wasting","MAR 50%","MI-RF",500,"-0.26 (0.02)","-3.4","0.55 (0.02)","0.52 (0.00)","0.93","0.61 (0.02)","91.2 (1.3)","2.06","0.37"
"Wasting","MAR-strong 10%","Complete data",500,"-0.02 (0.02)","-0.3","0.45 (0.01)","0.45 (0.00)","1.00","0.45 (0.01)","95.8 (0.9)","1.75","—"
"Wasting","MAR-strong 10%","CCA",500,"-0.30 (0.02)","-3.9","0.46 (0.01)","0.46 (0.00)","1.01","0.55 (0.02)","89.2 (1.4)","1.81","—"
"Wasting","MAR-strong 10%","IPW",500,"-0.02 (0.02)","-0.2","0.47 (0.01)","0.47 (0.00)","1.00","0.47 (0.01)","96.0 (0.9)","1.85","—"
"Wasting","MAR-strong 10%","MI-PMM",500,"-0.10 (0.02)","-1.3","0.46 (0.01)","0.46 (0.00)","0.99","0.47 (0.01)","94.4 (1.0)","1.80","0.10"
"Wasting","MAR-strong 10%","MI-RF",500,"-0.19 (0.02)","-2.5","0.46 (0.01)","0.46 (0.00)","0.98","0.50 (0.01)","91.8 (1.2)","1.80","0.09"
"Wasting","MAR-strong 30%","Complete data",500,"0.02 (0.02)","0.3","0.46 (0.01)","0.45 (0.00)","0.97","0.46 (0.02)","94.0 (1.1)","1.77","—"
"Wasting","MAR-strong 30%","CCA",500,"-0.70 (0.02)","-9.2","0.53 (0.02)","0.51 (0.00)","0.95","0.88 (0.02)","71.2 (2.0)","1.99","—"
"Wasting","MAR-strong 30%","IPW",500,"0.01 (0.03)","0.1","0.58 (0.02)","0.56 (0.00)","0.97","0.58 (0.02)","94.2 (1.0)","2.20","—"
"Wasting","MAR-strong 30%","MI-PMM",500,"-0.20 (0.02)","-2.6","0.55 (0.02)","0.49 (0.00)","0.90","0.59 (0.02)","90.2 (1.3)","1.96","0.27"
"Wasting","MAR-strong 30%","MI-RF",500,"-0.49 (0.02)","-6.5","0.53 (0.02)","0.48 (0.00)","0.90","0.72 (0.02)","79.4 (1.8)","1.90","0.23"
"Wasting","MAR-strong 50%","Complete data",500,"0.00 (0.02)","0.0","0.44 (0.01)","0.45 (0.00)","1.03","0.44 (0.01)","96.2 (0.9)","1.76","—"
"Wasting","MAR-strong 50%","CCA",500,"-1.11 (0.03)","-14.6","0.59 (0.02)","0.57 (0.00)","0.96","1.26 (0.02)","54.2 (2.2)","2.23","—"
"Wasting","MAR-strong 50%","IPW",500,"-0.04 (0.03)","-0.6","0.71 (0.02)","0.70 (0.00)","1.00","0.71 (0.02)","95.2 (1.0)","2.77","—"
"Wasting","MAR-strong 50%","MI-PMM",500,"-0.33 (0.03)","-4.3","0.66 (0.02)","0.54 (0.00)","0.81","0.74 (0.02)","86.0 (1.6)","2.16","0.43"
"Wasting","MAR-strong 50%","MI-RF",500,"-0.88 (0.03)","-11.6","0.58 (0.02)","0.50 (0.00)","0.86","1.06 (0.02)","59.8 (2.2)","1.99","0.36"
"Wasting","MNAR 10%","Complete data",500,"0.00 (0.02)","0.0","0.44 (0.01)","0.45 (0.00)","1.02","0.44 (0.01)","95.4 (0.9)","1.76","—"
"Wasting","MNAR 10%","CCA",500,"-1.19 (0.02)","-15.6","0.43 (0.01)","0.43 (0.00)","0.98","1.26 (0.02)","25.4 (1.9)","1.68","—"
"Wasting","MNAR 10%","IPW",500,"-1.18 (0.02)","-15.5","0.43 (0.01)","0.43 (0.00)","0.99","1.26 (0.02)","25.2 (1.9)","1.68","—"
"Wasting","MNAR 10%","MI-PMM",500,"-1.12 (0.02)","-14.7","0.43 (0.01)","0.42 (0.00)","0.99","1.20 (0.02)","28.0 (2.0)","1.66","0.10"
"Wasting","MNAR 10%","MI-RF",500,"-1.14 (0.02)","-14.9","0.44 (0.01)","0.42 (0.00)","0.97","1.22 (0.02)","29.2 (2.0)","1.67","0.09"
"Wasting","MNAR 30%","Complete data",500,"0.02 (0.02)","0.2","0.45 (0.01)","0.45 (0.00)","1.01","0.45 (0.01)","95.2 (1.0)","1.76","—"
"Wasting","MNAR 30%","CCA",500,"-2.57 (0.02)","-33.7","0.45 (0.01)","0.43 (0.00)","0.95","2.61 (0.02)","0.0 (0.0)","1.67","—"
"Wasting","MNAR 30%","IPW",500,"-2.65 (0.02)","-34.8","0.45 (0.01)","0.43 (0.00)","0.96","2.69 (0.02)","0.0 (0.0)","1.69","—"
"Wasting","MNAR 30%","MI-PMM",500,"-2.47 (0.02)","-32.4","0.43 (0.01)","0.41 (0.00)","0.94","2.51 (0.02)","0.0 (0.0)","1.61","0.26"
"Wasting","MNAR 30%","MI-RF",500,"-2.60 (0.02)","-34.1","0.44 (0.01)","0.40 (0.00)","0.92","2.63 (0.02)","0.0 (0.0)","1.59","0.24"
"Wasting","MNAR 50%","Complete data",500,"0.01 (0.02)","0.1","0.45 (0.01)","0.45 (0.00)","1.00","0.45 (0.01)","95.6 (0.9)","1.76","—"
"Wasting","MNAR 50%","CCA",500,"-3.52 (0.02)","-46.2","0.48 (0.02)","0.45 (0.00)","0.93","3.55 (0.02)","0.0 (0.0)","1.77","—"
"Wasting","MNAR 50%","IPW",500,"-3.65 (0.02)","-47.9","0.50 (0.02)","0.47 (0.00)","0.93","3.69 (0.02)","0.0 (0.0)","1.84","—"
"Wasting","MNAR 50%","MI-PMM",500,"-3.41 (0.02)","-44.8","0.47 (0.01)","0.40 (0.00)","0.87","3.44 (0.02)","0.0 (0.0)","1.62","0.41"
"Wasting","MNAR 50%","MI-RF",500,"-3.64 (0.02)","-47.8","0.46 (0.01)","0.39 (0.00)","0.84","3.67 (0.02)","0.0 (0.0)","1.54","0.35"
